"Date","Site","ReportedCases","EpisodeCases","CollectedCases","ConfirmedCases"
2020-10-30,"Hudson",NA,NA,NA,NA
2021-01-04,"Hudson",NA,NA,NA,NA
2021-01-07,"Hudson",NA,NA,NA,NA
2021-01-10,"Hudson",NA,NA,NA,NA
2021-01-12,"Hudson",NA,NA,NA,NA
2021-01-14,"Hudson",NA,-999,NA,NA
2021-01-15,"Hudson",NA,-999,-999,NA
2021-01-16,"Hudson",NA,-999,-999,-999
2021-01-17,"Hudson",-999,-999,NA,-999
2021-01-18,"Hudson",-999,5,-999,-999
2021-01-19,"Hudson",-999,-999,-999,NA
2021-01-20,"Hudson",NA,-999,-999,6
2021-01-21,"Hudson",6,-999,-999,5
2021-01-22,"Hudson",5,-999,-999,-999
2021-01-23,"Hudson",-999,-999,-999,NA
2021-01-24,"Hudson",NA,-999,-999,-999
2021-01-25,"Hudson",-999,-999,6,5
2021-01-26,"Hudson",5,-999,-999,-999
2021-01-27,"Hudson",-999,-999,NA,5
2021-01-28,"Hudson",5,NA,-999,-999
2021-01-29,"Hudson",-999,-999,-999,NA
2021-01-30,"Hudson",NA,-999,-999,-999
2021-01-31,"Hudson",-999,-999,-999,-999
2021-02-01,"Hudson",-999,-999,-999,-999
2021-02-02,"Hudson",-999,NA,NA,NA
2021-02-04,"Hudson",-999,NA,-999,NA
2021-02-05,"Hudson",NA,-999,-999,-999
2021-02-06,"Hudson",-999,NA,-999,5
2021-02-07,"Hudson",5,-999,NA,-999
2021-02-08,"Hudson",-999,-999,NA,NA
2021-02-09,"Hudson",NA,-999,-999,-999
2021-02-10,"Hudson",-999,-999,-999,-999
2021-02-11,"Hudson",-999,NA,NA,-999
2021-02-12,"Hudson",-999,-999,-999,NA
2021-02-13,"Hudson",NA,-999,-999,-999
2021-02-14,"Hudson",-999,NA,-999,NA
2021-02-15,"Hudson",NA,-999,-999,-999
2021-02-16,"Hudson",-999,NA,NA,-999
2021-02-17,"Hudson",-999,NA,NA,-999
2021-02-18,"Hudson",-999,-999,-999,NA
2021-02-19,"Hudson",NA,NA,-999,-999
2021-02-20,"Hudson",-999,-999,-999,-999
2021-02-21,"Hudson",-999,-999,-999,-999
2021-02-22,"Hudson",-999,-999,-999,-999
2021-02-23,"Hudson",-999,NA,-999,-999
2021-02-24,"Hudson",-999,NA,NA,-999
2021-02-25,"Hudson",-999,NA,NA,-999
2021-02-26,"Hudson",-999,NA,NA,-999
2021-02-27,"Hudson",-999,-999,-999,-999
2021-02-28,"Hudson",-999,-999,NA,-999
2021-03-01,"Hudson",-999,NA,NA,NA
2021-03-03,"Hudson",NA,-999,-999,NA
2021-03-04,"Hudson",NA,-999,-999,5
2021-03-05,"Hudson",5,NA,-999,NA
2021-03-06,"Hudson",NA,-999,-999,NA
2021-03-07,"Hudson",NA,-999,-999,NA
2021-03-08,"Hudson",NA,NA,-999,5
2021-03-09,"Hudson",5,-999,-999,-999
2021-03-10,"Hudson",-999,-999,-999,-999
2021-03-11,"Hudson",-999,NA,NA,NA
2021-03-13,"Hudson",-999,-999,NA,-999
2021-03-14,"Hudson",-999,-999,-999,-999
2021-03-15,"Hudson",-999,NA,-999,-999
2021-03-16,"Hudson",-999,NA,NA,-999
2021-03-17,"Hudson",-999,NA,NA,-999
2021-03-18,"Hudson",-999,NA,NA,-999
2021-03-19,"Hudson",-999,NA,NA,NA
2021-04-07,"Hudson",-999,NA,NA,NA
2020-05-07,"Kenosha",NA,NA,NA,NA
2020-06-24,"Kenosha",NA,NA,NA,NA
2020-12-01,"Kenosha",-999,NA,NA,NA
2020-12-23,"Kenosha",NA,NA,NA,NA
2020-12-26,"Kenosha",NA,NA,NA,NA
2020-12-30,"Kenosha",-999,NA,NA,NA
2021-01-02,"Kenosha",NA,-999,NA,NA
2021-01-03,"Kenosha",NA,NA,NA,NA
2021-01-06,"Kenosha",NA,-999,NA,NA
2021-01-07,"Kenosha",NA,-999,NA,NA
2021-01-08,"Kenosha",NA,-999,NA,NA
2021-01-09,"Kenosha",NA,-999,NA,NA
2021-01-10,"Kenosha",NA,5,NA,NA
2021-01-11,"Kenosha",NA,6,NA,NA
2021-01-12,"Kenosha",NA,13,NA,NA
2021-01-13,"Kenosha",NA,14,NA,NA
2021-01-14,"Kenosha",NA,11,NA,NA
2021-01-15,"Kenosha",NA,36,32,NA
2021-01-16,"Kenosha",NA,26,27,6
2021-01-17,"Kenosha",6,15,14,-999
2021-01-18,"Kenosha",-999,27,39,34
2021-01-19,"Kenosha",34,29,43,28
2021-01-20,"Kenosha",28,22,17,28
2021-01-21,"Kenosha",28,29,30,34
2021-01-22,"Kenosha",34,28,28,36
2021-01-23,"Kenosha",36,16,15,17
2021-01-24,"Kenosha",17,24,12,8
2021-01-25,"Kenosha",8,37,50,33
2021-01-26,"Kenosha",33,18,13,21
2021-01-27,"Kenosha",21,21,20,36
2021-01-28,"Kenosha",36,20,31,21
2021-01-29,"Kenosha",21,30,35,16
2021-01-30,"Kenosha",16,17,24,23
2021-01-31,"Kenosha",23,10,-999,14
2021-02-01,"Kenosha",14,22,26,39
2021-02-02,"Kenosha",39,14,17,19
2021-02-03,"Kenosha",19,15,12,32
2021-02-04,"Kenosha",32,17,20,14
2021-02-05,"Kenosha",14,17,20,12
2021-02-06,"Kenosha",12,9,7,14
2021-02-07,"Kenosha",14,-999,9,-999
2021-02-08,"Kenosha",-999,15,19,29
2021-02-09,"Kenosha",29,14,7,12
2021-02-10,"Kenosha",12,15,18,22
2021-02-11,"Kenosha",22,6,12,13
2021-02-12,"Kenosha",13,9,13,15
2021-02-13,"Kenosha",15,-999,6,10
2021-02-14,"Kenosha",10,11,-999,-999
2021-02-15,"Kenosha",-999,13,17,18
2021-02-16,"Kenosha",18,7,8,9
2021-02-17,"Kenosha",9,13,12,17
2021-02-18,"Kenosha",17,10,12,9
2021-02-19,"Kenosha",9,6,6,9
2021-02-20,"Kenosha",9,6,6,-999
2021-02-21,"Kenosha",-999,7,-999,-999
2021-02-22,"Kenosha",-999,9,17,10
2021-02-23,"Kenosha",10,-999,-999,9
2021-02-24,"Kenosha",9,6,10,11
2021-02-25,"Kenosha",11,9,10,7
2021-02-26,"Kenosha",7,13,8,-999
2021-02-27,"Kenosha",-999,11,11,5
2021-02-28,"Kenosha",5,11,6,-999
2021-03-01,"Kenosha",-999,7,13,30
2021-03-02,"Kenosha",30,5,11,14
2021-03-03,"Kenosha",14,10,-999,10
2021-03-04,"Kenosha",10,12,12,9
2021-03-05,"Kenosha",9,-999,9,5
2021-03-06,"Kenosha",5,-999,-999,-999
2021-03-07,"Kenosha",-999,-999,NA,-999
2021-03-08,"Kenosha",-999,5,6,15
2021-03-09,"Kenosha",15,10,11,5
2021-03-10,"Kenosha",5,10,10,-999
2021-03-11,"Kenosha",-999,-999,5,14
2021-03-12,"Kenosha",14,10,11,5
2021-03-13,"Kenosha",5,-999,-999,6
2021-03-14,"Kenosha",6,-999,-999,NA
2021-03-15,"Kenosha",NA,6,13,13
2021-03-16,"Kenosha",13,NA,NA,8
2021-03-17,"Kenosha",8,NA,NA,7
2021-03-18,"Kenosha",7,NA,NA,NA
2021-03-23,"Kenosha",-999,NA,NA,-999
2021-03-24,"Kenosha",-999,NA,NA,-999
2021-03-25,"Kenosha",-999,NA,NA,NA
2021-04-14,"Kenosha",-999,NA,NA,NA
2020-06-17,"Madison",NA,NA,NA,NA
2020-07-22,"Madison",NA,NA,NA,NA
2020-08-01,"Madison",NA,NA,NA,NA
2020-08-12,"Madison",NA,NA,NA,NA
2020-08-14,"Madison",NA,NA,NA,NA
2020-08-19,"Madison",NA,NA,NA,NA
2020-08-22,"Madison",NA,NA,NA,NA
2020-09-15,"Madison",NA,NA,NA,NA
2020-09-17,"Madison",NA,NA,NA,NA
2020-10-27,"Madison",NA,NA,NA,NA
2020-11-28,"Madison",NA,NA,NA,NA
2020-12-08,"Madison",NA,NA,NA,NA
2020-12-10,"Madison",NA,NA,NA,NA
2020-12-15,"Madison",NA,NA,NA,NA
2020-12-17,"Madison",NA,NA,NA,-999
2020-12-18,"Madison",-999,-999,NA,NA
2020-12-19,"Madison",NA,NA,NA,NA
2020-12-22,"Madison",-999,NA,NA,NA
2020-12-30,"Madison",NA,NA,NA,NA
2021-01-01,"Madison",NA,-999,NA,NA
2021-01-02,"Madison",NA,-999,NA,NA
2021-01-03,"Madison",NA,-999,NA,NA
2021-01-04,"Madison",NA,NA,NA,-999
2021-01-05,"Madison",-999,-999,NA,NA
2021-01-06,"Madison",NA,-999,NA,NA
2021-01-07,"Madison",NA,-999,NA,NA
2021-01-08,"Madison",NA,5,NA,NA
2021-01-09,"Madison",NA,-999,NA,NA
2021-01-10,"Madison",NA,6,NA,NA
2021-01-11,"Madison",NA,8,NA,NA
2021-01-12,"Madison",NA,27,NA,NA
2021-01-13,"Madison",NA,36,NA,NA
2021-01-14,"Madison",NA,37,NA,NA
2021-01-15,"Madison",NA,82,95,12
2021-01-16,"Madison",12,92,82,69
2021-01-17,"Madison",69,59,35,56
2021-01-18,"Madison",56,80,61,36
2021-01-19,"Madison",36,110,138,47
2021-01-20,"Madison",47,104,104,124
2021-01-21,"Madison",124,73,102,140
2021-01-22,"Madison",140,85,98,98
2021-01-23,"Madison",98,77,82,87
2021-01-24,"Madison",87,58,38,69
2021-01-25,"Madison",69,107,93,47
2021-01-26,"Madison",47,99,125,54
2021-01-27,"Madison",54,86,95,163
2021-01-28,"Madison",163,84,88,97
2021-01-29,"Madison",97,66,81,102
2021-01-30,"Madison",102,53,61,81
2021-01-31,"Madison",81,41,10,52
2021-02-01,"Madison",52,105,98,40
2021-02-02,"Madison",40,109,138,65
2021-02-03,"Madison",65,89,97,160
2021-02-04,"Madison",160,61,72,93
2021-02-05,"Madison",93,74,97,76
2021-02-06,"Madison",76,60,59,64
2021-02-07,"Madison",64,59,26,84
2021-02-08,"Madison",84,60,69,30
2021-02-09,"Madison",30,94,97,67
2021-02-10,"Madison",67,51,61,97
2021-02-11,"Madison",97,53,66,71
2021-02-12,"Madison",71,49,40,65
2021-02-13,"Madison",65,56,44,44
2021-02-14,"Madison",44,63,23,35
2021-02-15,"Madison",35,97,85,40
2021-02-16,"Madison",40,114,130,72
2021-02-17,"Madison",72,87,119,130
2021-02-18,"Madison",130,73,87,128
2021-02-19,"Madison",128,59,72,86
2021-02-20,"Madison",86,40,46,65
2021-02-21,"Madison",65,33,22,46
2021-02-22,"Madison",46,66,75,23
2021-02-23,"Madison",23,47,51,73
2021-02-24,"Madison",73,58,36,48
2021-02-25,"Madison",48,55,65,52
2021-02-26,"Madison",52,32,39,66
2021-02-27,"Madison",66,32,38,35
2021-02-28,"Madison",35,34,24,38
2021-03-01,"Madison",38,69,58,25
2021-03-02,"Madison",25,77,82,48
2021-03-03,"Madison",48,27,49,88
2021-03-04,"Madison",88,40,40,36
2021-03-05,"Madison",36,31,36,58
2021-03-06,"Madison",58,33,28,37
2021-03-07,"Madison",37,26,15,21
2021-03-08,"Madison",21,49,37,15
2021-03-09,"Madison",15,50,53,37
2021-03-10,"Madison",37,32,48,56
2021-03-11,"Madison",56,22,44,49
2021-03-12,"Madison",49,31,33,37
2021-03-13,"Madison",37,28,28,37
2021-03-14,"Madison",37,9,12,17
2021-03-15,"Madison",17,18,39,32
2021-03-16,"Madison",32,NA,NA,27
2021-03-17,"Madison",27,NA,NA,10
2021-03-18,"Madison",10,NA,NA,NA
2021-03-21,"Madison",-999,NA,NA,NA
2021-03-23,"Madison",-999,NA,NA,NA
2021-03-29,"Madison",-999,NA,NA,NA
2021-03-31,"Madison",-999,NA,NA,NA
2020-04-14,"Merrill",NA,NA,NA,NA
2021-01-11,"Merrill",NA,NA,NA,NA
2021-01-13,"Merrill",NA,NA,NA,NA
2021-01-15,"Merrill",NA,-999,-999,NA
2021-01-16,"Merrill",NA,-999,-999,-999
2021-01-17,"Merrill",-999,-999,-999,-999
2021-01-18,"Merrill",-999,-999,-999,-999
2021-01-19,"Merrill",-999,-999,-999,-999
2021-01-20,"Merrill",-999,-999,6,-999
2021-01-21,"Merrill",-999,-999,-999,-999
2021-01-22,"Merrill",-999,-999,-999,5
2021-01-23,"Merrill",5,NA,NA,-999
2021-01-24,"Merrill",-999,-999,NA,-999
2021-01-25,"Merrill",-999,-999,-999,-999
2021-01-26,"Merrill",-999,-999,-999,-999
2021-01-27,"Merrill",-999,-999,-999,-999
2021-01-28,"Merrill",-999,NA,-999,5
2021-01-29,"Merrill",5,-999,NA,-999
2021-01-30,"Merrill",-999,-999,-999,NA
2021-01-31,"Merrill",NA,-999,NA,NA
2021-02-01,"Merrill",NA,NA,-999,-999
2021-02-02,"Merrill",-999,-999,-999,NA
2021-02-03,"Merrill",NA,NA,NA,-999
2021-02-04,"Merrill",-999,-999,-999,NA
2021-02-05,"Merrill",NA,NA,NA,-999
2021-02-06,"Merrill",-999,NA,NA,-999
2021-02-07,"Merrill",-999,-999,-999,NA
2021-02-08,"Merrill",NA,-999,-999,NA
2021-02-09,"Merrill",NA,NA,NA,-999
2021-02-10,"Merrill",-999,NA,NA,-999
2021-02-11,"Merrill",-999,NA,NA,NA
2021-02-14,"Merrill",NA,-999,-999,NA
2021-02-15,"Merrill",NA,NA,NA,NA
2021-02-17,"Merrill",NA,-999,NA,-999
2021-02-18,"Merrill",-999,-999,-999,-999
2021-02-19,"Merrill",-999,NA,NA,-999
2021-02-20,"Merrill",-999,-999,NA,NA
2021-02-21,"Merrill",NA,-999,NA,NA
2021-02-22,"Merrill",NA,-999,-999,NA
2021-02-23,"Merrill",NA,-999,-999,-999
2021-02-24,"Merrill",-999,NA,-999,-999
2021-02-25,"Merrill",-999,NA,-999,-999
2021-02-26,"Merrill",-999,-999,-999,-999
2021-02-27,"Merrill",-999,NA,-999,-999
2021-02-28,"Merrill",-999,NA,NA,NA
2021-03-02,"Merrill",-999,NA,NA,NA
2021-03-04,"Merrill",NA,NA,NA,NA
2021-03-08,"Merrill",-999,-999,-999,NA
2021-03-09,"Merrill",NA,NA,-999,-999
2021-03-10,"Merrill",-999,-999,-999,-999
2021-03-11,"Merrill",-999,NA,NA,-999
2021-03-12,"Merrill",-999,NA,NA,-999
2021-03-13,"Merrill",-999,-999,NA,-999
2021-03-14,"Merrill",-999,NA,NA,NA
2021-03-16,"Merrill",NA,NA,NA,NA
2021-03-19,"Merrill",-999,NA,NA,NA
2021-01-06,"Oshkosh",NA,NA,NA,NA
2021-01-09,"Oshkosh",NA,-999,NA,NA
2021-01-10,"Oshkosh",NA,-999,NA,NA
2021-01-11,"Oshkosh",NA,-999,NA,NA
2021-01-12,"Oshkosh",NA,-999,NA,NA
2021-01-13,"Oshkosh",NA,7,NA,NA
2021-01-14,"Oshkosh",NA,7,NA,NA
2021-01-15,"Oshkosh",NA,19,20,-999
2021-01-16,"Oshkosh",-999,16,13,-999
2021-01-17,"Oshkosh",-999,11,-999,12
2021-01-18,"Oshkosh",12,15,23,10
2021-01-19,"Oshkosh",10,23,28,12
2021-01-20,"Oshkosh",12,10,14,33
2021-01-21,"Oshkosh",33,11,18,22
2021-01-22,"Oshkosh",22,12,8,16
2021-01-23,"Oshkosh",16,6,6,10
2021-01-24,"Oshkosh",10,5,-999,8
2021-01-25,"Oshkosh",8,10,9,5
2021-01-26,"Oshkosh",5,9,16,-999
2021-01-27,"Oshkosh",-999,5,8,16
2021-01-28,"Oshkosh",16,6,-999,11
2021-01-29,"Oshkosh",11,9,12,-999
2021-01-30,"Oshkosh",-999,6,-999,-999
2021-01-31,"Oshkosh",-999,8,-999,5
2021-02-01,"Oshkosh",5,9,10,9
2021-02-02,"Oshkosh",9,5,11,-999
2021-02-03,"Oshkosh",-999,12,10,14
2021-02-04,"Oshkosh",14,5,10,10
2021-02-05,"Oshkosh",10,7,8,6
2021-02-06,"Oshkosh",6,-999,-999,-999
2021-02-07,"Oshkosh",-999,-999,-999,5
2021-02-08,"Oshkosh",5,6,7,-999
2021-02-09,"Oshkosh",-999,7,-999,5
2021-02-10,"Oshkosh",5,-999,10,11
2021-02-11,"Oshkosh",11,7,5,6
2021-02-12,"Oshkosh",6,9,7,6
2021-02-13,"Oshkosh",6,-999,6,-999
2021-02-14,"Oshkosh",-999,5,-999,6
2021-02-15,"Oshkosh",6,-999,-999,6
2021-02-16,"Oshkosh",6,-999,5,-999
2021-02-17,"Oshkosh",-999,7,7,7
2021-02-18,"Oshkosh",7,5,-999,5
2021-02-19,"Oshkosh",5,6,-999,5
2021-02-20,"Oshkosh",5,-999,-999,NA
2021-02-21,"Oshkosh",NA,-999,-999,7
2021-02-22,"Oshkosh",7,6,11,5
2021-02-23,"Oshkosh",5,-999,8,7
2021-02-24,"Oshkosh",7,-999,-999,14
2021-02-25,"Oshkosh",14,NA,-999,-999
2021-02-26,"Oshkosh",-999,-999,-999,-999
2021-02-27,"Oshkosh",-999,-999,-999,NA
2021-02-28,"Oshkosh",NA,-999,-999,-999
2021-03-01,"Oshkosh",-999,5,7,-999
2021-03-02,"Oshkosh",-999,6,-999,5
2021-03-03,"Oshkosh",5,-999,5,7
2021-03-04,"Oshkosh",7,-999,6,-999
2021-03-05,"Oshkosh",-999,-999,-999,5
2021-03-06,"Oshkosh",5,NA,NA,NA
2021-03-08,"Oshkosh",-999,-999,5,-999
2021-03-09,"Oshkosh",-999,-999,-999,7
2021-03-10,"Oshkosh",7,6,-999,NA
2021-03-11,"Oshkosh",NA,-999,-999,5
2021-03-12,"Oshkosh",5,-999,-999,-999
2021-03-13,"Oshkosh",-999,5,-999,NA
2021-03-14,"Oshkosh",NA,-999,5,7
2021-03-15,"Oshkosh",7,-999,7,-999
2021-03-16,"Oshkosh",-999,NA,NA,5
2021-03-17,"Oshkosh",5,NA,NA,-999
2021-03-18,"Oshkosh",-999,NA,NA,-999
2021-03-19,"Oshkosh",-999,NA,NA,NA
2020-11-17,"Platteville",NA,NA,NA,NA
2021-01-16,"Platteville",NA,-999,-999,-999
2021-01-17,"Platteville",-999,-999,-999,-999
2021-01-18,"Platteville",-999,-999,NA,NA
2021-01-19,"Platteville",NA,NA,-999,-999
2021-01-20,"Platteville",-999,-999,NA,-999
2021-01-21,"Platteville",-999,NA,NA,-999
2021-01-22,"Platteville",-999,-999,-999,NA
2021-01-23,"Platteville",NA,-999,-999,NA
2021-01-24,"Platteville",NA,-999,-999,-999
2021-01-25,"Platteville",-999,-999,-999,-999
2021-01-26,"Platteville",-999,5,-999,-999
2021-01-27,"Platteville",-999,7,5,-999
2021-01-28,"Platteville",-999,-999,-999,-999
2021-01-29,"Platteville",-999,-999,-999,-999
2021-01-30,"Platteville",-999,-999,-999,-999
2021-01-31,"Platteville",-999,NA,NA,5
2021-02-01,"Platteville",5,-999,NA,NA
2021-02-02,"Platteville",NA,NA,-999,NA
2021-02-03,"Platteville",NA,-999,-999,-999
2021-02-04,"Platteville",-999,NA,-999,-999
2021-02-05,"Platteville",-999,-999,-999,-999
2021-02-06,"Platteville",-999,-999,NA,-999
2021-02-07,"Platteville",-999,NA,-999,-999
2021-02-08,"Platteville",-999,NA,-999,NA
2021-02-09,"Platteville",NA,NA,-999,-999
2021-02-10,"Platteville",-999,-999,-999,-999
2021-02-11,"Platteville",-999,NA,NA,NA
2021-02-13,"Platteville",NA,NA,NA,-999
2021-02-14,"Platteville",-999,-999,-999,NA
2021-02-15,"Platteville",NA,-999,-999,NA
2021-02-16,"Platteville",NA,-999,NA,-999
2021-02-17,"Platteville",-999,-999,NA,NA
2021-02-18,"Platteville",NA,NA,-999,-999
2021-02-19,"Platteville",-999,-999,NA,-999
2021-02-20,"Platteville",-999,NA,NA,NA
2021-02-22,"Platteville",NA,NA,-999,NA
2021-02-23,"Platteville",NA,-999,NA,-999
2021-02-24,"Platteville",-999,NA,-999,-999
2021-02-25,"Platteville",-999,NA,-999,-999
2021-02-26,"Platteville",-999,-999,NA,-999
2021-02-27,"Platteville",-999,NA,NA,NA
2021-03-01,"Platteville",NA,NA,-999,-999
2021-03-02,"Platteville",-999,-999,-999,-999
2021-03-03,"Platteville",-999,-999,-999,NA
2021-03-04,"Platteville",NA,-999,NA,-999
2021-03-05,"Platteville",-999,NA,-999,-999
2021-03-06,"Platteville",-999,NA,NA,-999
2021-03-07,"Platteville",-999,-999,-999,NA
2021-03-08,"Platteville",NA,NA,NA,NA
2021-03-10,"Platteville",-999,-999,NA,NA
2021-03-11,"Platteville",NA,NA,-999,NA
2021-03-12,"Platteville",NA,NA,NA,NA
2021-03-17,"Platteville",-999,NA,NA,NA
2021-04-04,"Platteville",-999,NA,NA,NA
2021-01-02,"Plymouth",NA,NA,NA,NA
2021-01-06,"Plymouth",NA,NA,NA,NA
2021-01-16,"Plymouth",NA,-999,NA,-999
2021-01-17,"Plymouth",-999,NA,NA,-999
2021-01-18,"Plymouth",-999,-999,-999,-999
2021-01-19,"Plymouth",-999,-999,-999,NA
2021-01-20,"Plymouth",NA,-999,-999,NA
2021-01-21,"Plymouth",NA,-999,-999,-999
2021-01-22,"Plymouth",-999,-999,-999,-999
2021-01-23,"Plymouth",-999,NA,NA,-999
2021-01-24,"Plymouth",-999,NA,NA,-999
2021-01-25,"Plymouth",-999,NA,-999,NA
2021-01-26,"Plymouth",NA,-999,-999,-999
2021-01-27,"Plymouth",-999,-999,-999,NA
2021-01-28,"Plymouth",NA,-999,-999,NA
2021-01-29,"Plymouth",NA,-999,-999,-999
2021-01-30,"Plymouth",-999,-999,-999,-999
2021-01-31,"Plymouth",-999,NA,NA,NA
2021-02-02,"Plymouth",NA,NA,NA,-999
2021-02-03,"Plymouth",-999,NA,-999,-999
2021-02-04,"Plymouth",-999,NA,-999,-999
2021-02-05,"Plymouth",-999,-999,NA,-999
2021-02-06,"Plymouth",-999,-999,-999,-999
2021-02-07,"Plymouth",-999,NA,-999,-999
2021-02-08,"Plymouth",-999,-999,-999,-999
2021-02-09,"Plymouth",-999,5,-999,-999
2021-02-10,"Plymouth",-999,NA,-999,-999
2021-02-11,"Plymouth",-999,-999,NA,NA
2021-02-12,"Plymouth",NA,-999,-999,NA
2021-02-13,"Plymouth",NA,NA,-999,NA
2021-02-14,"Plymouth",NA,NA,NA,-999
2021-02-15,"Plymouth",-999,-999,NA,-999
2021-02-16,"Plymouth",-999,5,-999,-999
2021-02-17,"Plymouth",-999,NA,-999,-999
2021-02-18,"Plymouth",-999,-999,-999,-999
2021-02-19,"Plymouth",-999,-999,-999,-999
2021-02-20,"Plymouth",-999,-999,-999,-999
2021-02-21,"Plymouth",-999,-999,-999,-999
2021-02-22,"Plymouth",-999,NA,-999,-999
2021-02-23,"Plymouth",-999,-999,NA,-999
2021-02-24,"Plymouth",-999,NA,-999,-999
2021-02-25,"Plymouth",-999,-999,NA,NA
2021-02-26,"Plymouth",NA,-999,-999,-999
2021-02-27,"Plymouth",-999,NA,NA,-999
2021-02-28,"Plymouth",-999,NA,NA,-999
2021-03-01,"Plymouth",-999,-999,-999,NA
2021-03-02,"Plymouth",NA,-999,-999,-999
2021-03-03,"Plymouth",-999,-999,-999,-999
2021-03-04,"Plymouth",-999,-999,-999,-999
2021-03-05,"Plymouth",-999,NA,-999,-999
2021-03-06,"Plymouth",-999,-999,-999,-999
2021-03-07,"Plymouth",-999,-999,-999,-999
2021-03-08,"Plymouth",-999,-999,-999,-999
2021-03-09,"Plymouth",-999,-999,NA,-999
2021-03-10,"Plymouth",-999,NA,-999,NA
2021-03-11,"Plymouth",NA,-999,-999,-999
2021-03-12,"Plymouth",-999,NA,NA,-999
2021-03-13,"Plymouth",-999,NA,NA,NA
2021-01-05,"River Falls",NA,NA,NA,NA
2021-01-07,"River Falls",NA,NA,NA,NA
2021-01-10,"River Falls",NA,NA,NA,NA
2021-01-12,"River Falls",NA,NA,NA,NA
2021-01-14,"River Falls",NA,-999,NA,NA
2021-01-15,"River Falls",NA,NA,NA,NA
2021-01-17,"River Falls",NA,-999,-999,-999
2021-01-18,"River Falls",-999,-999,-999,-999
2021-01-19,"River Falls",-999,-999,-999,-999
2021-01-20,"River Falls",-999,NA,-999,-999
2021-01-21,"River Falls",-999,-999,-999,-999
2021-01-22,"River Falls",-999,-999,-999,-999
2021-01-23,"River Falls",-999,-999,-999,-999
2021-01-24,"River Falls",-999,-999,-999,NA
2021-01-25,"River Falls",NA,-999,-999,-999
2021-01-26,"River Falls",-999,-999,-999,-999
2021-01-27,"River Falls",-999,-999,5,-999
2021-01-28,"River Falls",-999,-999,NA,-999
2021-01-29,"River Falls",-999,-999,-999,-999
2021-01-30,"River Falls",-999,-999,-999,-999
2021-01-31,"River Falls",-999,5,-999,-999
2021-02-01,"River Falls",-999,-999,-999,-999
2021-02-02,"River Falls",-999,-999,-999,-999
2021-02-03,"River Falls",-999,-999,-999,-999
2021-02-04,"River Falls",-999,5,5,-999
2021-02-05,"River Falls",-999,-999,NA,9
2021-02-06,"River Falls",9,-999,-999,NA
2021-02-07,"River Falls",NA,-999,-999,-999
2021-02-08,"River Falls",-999,-999,-999,-999
2021-02-09,"River Falls",-999,NA,-999,-999
2021-02-10,"River Falls",-999,-999,-999,-999
2021-02-11,"River Falls",-999,-999,-999,-999
2021-02-12,"River Falls",-999,NA,-999,-999
2021-02-13,"River Falls",-999,-999,-999,-999
2021-02-14,"River Falls",-999,NA,-999,-999
2021-02-15,"River Falls",-999,-999,-999,-999
2021-02-16,"River Falls",-999,-999,-999,-999
2021-02-17,"River Falls",-999,-999,-999,-999
2021-02-18,"River Falls",-999,NA,NA,-999
2021-02-19,"River Falls",-999,-999,-999,-999
2021-02-20,"River Falls",-999,-999,-999,NA
2021-02-21,"River Falls",NA,-999,-999,-999
2021-02-22,"River Falls",-999,NA,NA,5
2021-02-23,"River Falls",5,-999,-999,NA
2021-02-24,"River Falls",NA,-999,-999,NA
2021-02-25,"River Falls",NA,-999,-999,-999
2021-02-26,"River Falls",-999,-999,-999,-999
2021-02-27,"River Falls",-999,-999,-999,-999
2021-02-28,"River Falls",-999,-999,-999,-999
2021-03-01,"River Falls",-999,-999,-999,-999
2021-03-02,"River Falls",-999,-999,-999,-999
2021-03-03,"River Falls",-999,NA,NA,-999
2021-03-04,"River Falls",-999,-999,NA,NA
2021-03-05,"River Falls",NA,-999,NA,-999
2021-03-06,"River Falls",-999,NA,NA,NA
2021-03-09,"River Falls",NA,-999,-999,NA
2021-03-10,"River Falls",NA,NA,-999,-999
2021-03-11,"River Falls",-999,-999,-999,-999
2021-03-12,"River Falls",-999,-999,-999,-999
2021-03-13,"River Falls",-999,-999,NA,NA
2021-03-14,"River Falls",NA,NA,NA,NA
2021-03-16,"River Falls",NA,NA,NA,-999
2021-03-17,"River Falls",-999,NA,NA,NA
2021-03-19,"River Falls",-999,NA,NA,-999
2021-03-20,"River Falls",-999,NA,NA,NA
2021-03-23,"River Falls",-999,NA,NA,NA
2021-05-07,"River Falls",-999,NA,NA,NA
2020-11-20,"Sun Prairie",NA,NA,NA,NA
2021-01-06,"Sun Prairie",NA,NA,NA,NA
2021-01-09,"Sun Prairie",NA,NA,NA,NA
2021-01-12,"Sun Prairie",NA,-999,NA,NA
2021-01-13,"Sun Prairie",NA,5,NA,NA
2021-01-14,"Sun Prairie",NA,-999,NA,NA
2021-01-15,"Sun Prairie",NA,6,12,-999
2021-01-16,"Sun Prairie",-999,-999,6,9
2021-01-17,"Sun Prairie",9,-999,NA,6
2021-01-18,"Sun Prairie",6,7,-999,NA
2021-01-19,"Sun Prairie",NA,-999,-999,-999
2021-01-20,"Sun Prairie",-999,14,9,5
2021-01-21,"Sun Prairie",5,6,10,12
2021-01-22,"Sun Prairie",12,9,8,-999
2021-01-23,"Sun Prairie",-999,-999,-999,9
2021-01-24,"Sun Prairie",9,-999,-999,-999
2021-01-25,"Sun Prairie",-999,-999,7,-999
2021-01-26,"Sun Prairie",-999,-999,8,6
2021-01-27,"Sun Prairie",6,8,8,9
2021-01-28,"Sun Prairie",9,-999,6,7
2021-01-29,"Sun Prairie",7,-999,-999,-999
2021-01-30,"Sun Prairie",-999,-999,5,-999
2021-01-31,"Sun Prairie",-999,-999,-999,-999
2021-02-01,"Sun Prairie",-999,10,-999,-999
2021-02-02,"Sun Prairie",-999,6,8,-999
2021-02-03,"Sun Prairie",-999,-999,11,10
2021-02-04,"Sun Prairie",10,-999,-999,7
2021-02-05,"Sun Prairie",7,-999,-999,9
2021-02-06,"Sun Prairie",9,-999,-999,-999
2021-02-07,"Sun Prairie",-999,-999,-999,-999
2021-02-08,"Sun Prairie",-999,5,8,-999
2021-02-09,"Sun Prairie",-999,-999,-999,5
2021-02-10,"Sun Prairie",5,-999,-999,-999
2021-02-11,"Sun Prairie",-999,5,5,-999
2021-02-12,"Sun Prairie",-999,-999,-999,7
2021-02-13,"Sun Prairie",7,-999,-999,-999
2021-02-14,"Sun Prairie",-999,-999,-999,-999
2021-02-15,"Sun Prairie",-999,-999,5,-999
2021-02-16,"Sun Prairie",-999,-999,6,-999
2021-02-17,"Sun Prairie",-999,-999,-999,5
2021-02-18,"Sun Prairie",5,-999,-999,-999
2021-02-19,"Sun Prairie",-999,-999,-999,5
2021-02-20,"Sun Prairie",5,5,6,NA
2021-02-21,"Sun Prairie",NA,-999,-999,5
2021-02-22,"Sun Prairie",5,-999,-999,-999
2021-02-23,"Sun Prairie",-999,-999,5,-999
2021-02-24,"Sun Prairie",-999,-999,-999,-999
2021-02-25,"Sun Prairie",-999,-999,-999,-999
2021-02-26,"Sun Prairie",-999,-999,5,-999
2021-02-27,"Sun Prairie",-999,-999,-999,5
2021-02-28,"Sun Prairie",5,-999,-999,-999
2021-03-01,"Sun Prairie",-999,5,-999,-999
2021-03-02,"Sun Prairie",-999,5,6,NA
2021-03-03,"Sun Prairie",NA,-999,-999,6
2021-03-04,"Sun Prairie",6,NA,6,5
2021-03-05,"Sun Prairie",5,-999,NA,-999
2021-03-06,"Sun Prairie",-999,-999,NA,-999
2021-03-07,"Sun Prairie",-999,-999,-999,NA
2021-03-08,"Sun Prairie",NA,-999,-999,-999
2021-03-09,"Sun Prairie",-999,-999,-999,NA
2021-03-10,"Sun Prairie",NA,NA,-999,6
2021-03-11,"Sun Prairie",6,-999,-999,-999
2021-03-12,"Sun Prairie",-999,NA,NA,-999
2021-03-13,"Sun Prairie",-999,-999,NA,NA
2021-03-14,"Sun Prairie",NA,NA,-999,NA
2021-03-15,"Sun Prairie",NA,-999,-999,-999
2021-03-16,"Sun Prairie",-999,NA,NA,NA
2021-03-19,"Sun Prairie",-999,NA,NA,NA
2021-04-02,"Sun Prairie",-999,NA,NA,NA
2020-12-22,"Wausau",-999,NA,NA,NA
2021-01-01,"Wausau",NA,NA,NA,NA
2021-01-03,"Wausau",NA,NA,NA,NA
2021-01-08,"Wausau",NA,-999,NA,NA
2021-01-09,"Wausau",NA,-999,NA,NA
2021-01-10,"Wausau",NA,-999,NA,NA
2021-01-11,"Wausau",NA,6,NA,NA
2021-01-12,"Wausau",NA,8,NA,NA
2021-01-13,"Wausau",NA,5,NA,NA
2021-01-14,"Wausau",NA,9,NA,NA
2021-01-15,"Wausau",NA,16,13,NA
2021-01-16,"Wausau",NA,8,16,13
2021-01-17,"Wausau",13,11,12,-999
2021-01-18,"Wausau",-999,12,11,20
2021-01-19,"Wausau",20,11,9,6
2021-01-20,"Wausau",6,7,13,10
2021-01-21,"Wausau",10,5,10,12
2021-01-22,"Wausau",12,6,12,12
2021-01-23,"Wausau",12,5,6,11
2021-01-24,"Wausau",11,8,-999,9
2021-01-25,"Wausau",9,NA,6,6
2021-01-26,"Wausau",6,10,13,7
2021-01-27,"Wausau",7,7,11,14
2021-01-28,"Wausau",14,-999,-999,8
2021-01-29,"Wausau",8,-999,5,-999
2021-01-30,"Wausau",-999,-999,NA,7
2021-01-31,"Wausau",7,-999,-999,NA
2021-02-01,"Wausau",NA,-999,9,5
2021-02-02,"Wausau",5,5,5,5
2021-02-03,"Wausau",5,5,5,8
2021-02-04,"Wausau",8,6,7,-999
2021-02-05,"Wausau",-999,-999,-999,-999
2021-02-06,"Wausau",-999,NA,NA,8
2021-02-07,"Wausau",8,5,NA,NA
2021-02-08,"Wausau",NA,8,-999,NA
2021-02-09,"Wausau",NA,-999,-999,-999
2021-02-10,"Wausau",-999,9,16,-999
2021-02-11,"Wausau",-999,-999,-999,-999
2021-02-12,"Wausau",-999,-999,-999,16
2021-02-13,"Wausau",16,-999,-999,-999
2021-02-14,"Wausau",-999,-999,-999,-999
2021-02-15,"Wausau",-999,-999,5,-999
2021-02-16,"Wausau",-999,5,-999,-999
2021-02-17,"Wausau",-999,10,6,5
2021-02-18,"Wausau",5,8,-999,-999
2021-02-19,"Wausau",-999,-999,9,-999
2021-02-20,"Wausau",-999,11,-999,-999
2021-02-21,"Wausau",-999,-999,6,8
2021-02-22,"Wausau",8,-999,-999,10
2021-02-23,"Wausau",10,-999,5,6
2021-02-24,"Wausau",6,-999,6,-999
2021-02-25,"Wausau",-999,-999,-999,7
2021-02-26,"Wausau",7,-999,5,-999
2021-02-27,"Wausau",-999,5,5,-999
2021-02-28,"Wausau",-999,NA,-999,-999
2021-03-01,"Wausau",-999,-999,-999,-999
2021-03-02,"Wausau",-999,-999,-999,-999
2021-03-03,"Wausau",-999,-999,6,-999
2021-03-04,"Wausau",-999,6,7,6
2021-03-05,"Wausau",6,-999,-999,7
2021-03-06,"Wausau",7,-999,NA,-999
2021-03-07,"Wausau",-999,NA,-999,NA
2021-03-08,"Wausau",NA,-999,NA,-999
2021-03-09,"Wausau",-999,-999,NA,NA
2021-03-10,"Wausau",NA,-999,-999,NA
2021-03-11,"Wausau",NA,-999,-999,-999
2021-03-12,"Wausau",-999,-999,5,NA
2021-03-13,"Wausau",NA,-999,-999,5
2021-03-14,"Wausau",5,-999,-999,-999
2021-03-15,"Wausau",-999,NA,-999,-999
2021-03-16,"Wausau",-999,NA,NA,-999
2021-03-17,"Wausau",-999,NA,NA,NA
2020-10-29,"Hudson",NA,-999,NA,NA
2021-01-03,"Hudson",NA,-999,NA,NA
2021-01-06,"Hudson",NA,-999,NA,NA
2021-01-09,"Hudson",NA,-999,NA,NA
2021-01-11,"Hudson",NA,-999,NA,NA
2021-01-13,"Hudson",NA,-999,NA,NA
2021-02-03,"Hudson",NA,-999,-999,-999
2021-03-02,"Hudson",NA,-999,-999,NA
2021-03-12,"Hudson",NA,NA,-999,-999
2021-04-06,"Hudson",NA,NA,NA,-999
2020-05-06,"Kenosha",NA,-999,NA,NA
2020-06-23,"Kenosha",NA,-999,NA,NA
2020-11-30,"Kenosha",NA,-999,NA,-999
2020-12-22,"Kenosha",NA,-999,NA,NA
2020-12-25,"Kenosha",NA,-999,NA,NA
2020-12-29,"Kenosha",NA,NA,NA,-999
2021-01-01,"Kenosha",NA,-999,NA,NA
2021-01-05,"Kenosha",NA,-999,NA,NA
2021-03-22,"Kenosha",NA,NA,NA,-999
2021-04-13,"Kenosha",NA,NA,NA,-999
2020-06-16,"Madison",NA,-999,NA,NA
2020-07-21,"Madison",NA,-999,NA,NA
2020-07-31,"Madison",NA,-999,NA,NA
2020-08-11,"Madison",NA,-999,NA,NA
2020-08-13,"Madison",NA,-999,NA,NA
2020-08-18,"Madison",NA,-999,NA,NA
2020-08-21,"Madison",NA,-999,NA,NA
2020-09-14,"Madison",NA,-999,NA,NA
2020-09-16,"Madison",NA,-999,NA,NA
2020-10-26,"Madison",NA,-999,NA,NA
2020-11-27,"Madison",NA,-999,NA,NA
2020-12-07,"Madison",NA,-999,NA,NA
2020-12-09,"Madison",NA,-999,NA,NA
2020-12-14,"Madison",NA,-999,NA,NA
2020-12-16,"Madison",NA,-999,NA,NA
2020-12-21,"Madison",NA,NA,NA,-999
2020-12-29,"Madison",NA,-999,NA,NA
2020-12-31,"Madison",NA,-999,NA,NA
2021-03-20,"Madison",NA,NA,NA,-999
2021-03-22,"Madison",NA,NA,NA,-999
2021-03-28,"Madison",NA,NA,NA,-999
2021-03-30,"Madison",NA,NA,NA,-999
2020-04-13,"Merrill",NA,-999,NA,NA
2021-01-10,"Merrill",NA,-999,NA,NA
2021-01-12,"Merrill",NA,-999,NA,NA
2021-01-14,"Merrill",NA,5,NA,NA
2021-02-13,"Merrill",NA,-999,NA,NA
2021-02-16,"Merrill",NA,-999,-999,NA
2021-03-01,"Merrill",NA,NA,NA,-999
2021-03-03,"Merrill",NA,NA,-999,NA
2021-03-07,"Merrill",NA,NA,NA,-999
2021-03-15,"Merrill",NA,NA,-999,NA
2021-03-18,"Merrill",NA,NA,NA,-999
2021-01-05,"Oshkosh",NA,-999,NA,NA
2021-01-08,"Oshkosh",NA,-999,NA,NA
2021-03-07,"Oshkosh",NA,-999,-999,-999
2020-11-16,"Platteville",NA,-999,NA,NA
2021-01-15,"Platteville",NA,-999,-999,NA
2021-02-12,"Platteville",NA,-999,-999,NA
2021-02-21,"Platteville",NA,-999,NA,NA
2021-02-28,"Platteville",NA,-999,NA,NA
2021-03-09,"Platteville",NA,NA,NA,-999
2021-03-16,"Platteville",NA,NA,NA,-999
2021-04-03,"Platteville",NA,NA,NA,-999
2021-01-01,"Plymouth",NA,-999,NA,NA
2021-01-05,"Plymouth",NA,-999,NA,NA
2021-01-15,"Plymouth",NA,7,5,NA
2021-02-01,"Plymouth",NA,-999,-999,NA
2021-01-04,"River Falls",NA,-999,NA,NA
2021-01-06,"River Falls",NA,-999,NA,NA
2021-01-09,"River Falls",NA,-999,NA,NA
2021-01-11,"River Falls",NA,-999,NA,NA
2021-01-13,"River Falls",NA,-999,NA,NA
2021-01-16,"River Falls",NA,-999,5,NA
2021-03-08,"River Falls",NA,-999,-999,NA
2021-03-15,"River Falls",NA,NA,5,NA
2021-03-18,"River Falls",NA,NA,NA,-999
2021-03-22,"River Falls",NA,NA,NA,-999
2021-05-06,"River Falls",NA,NA,NA,-999
2020-11-19,"Sun Prairie",NA,-999,NA,NA
2021-01-05,"Sun Prairie",NA,-999,NA,NA
2021-01-08,"Sun Prairie",NA,-999,NA,NA
2021-01-11,"Sun Prairie",NA,-999,NA,NA
2021-03-18,"Sun Prairie",NA,NA,NA,-999
2021-04-01,"Sun Prairie",NA,NA,NA,-999
2020-12-21,"Wausau",NA,-999,NA,-999
2020-12-31,"Wausau",NA,-999,NA,NA
2021-01-02,"Wausau",NA,-999,NA,NA
2021-01-07,"Wausau",NA,-999,NA,NA
