"","Date","Site","ErrorLevel","Rank"
"1",2021-11-18,"MMSD-P7",1,1
"2",2022-01-06,"MMSD-P2",1,2
"3",2021-11-15,"MMSD-P8",1,3
"4",2021-05-20,"MMSD-P18",1,4
"5",2021-04-26,"MMSD-P18",1,5
"6",2022-01-13,"MMSD-P2",1,6
"7",2022-01-06,"MMSD-P7",1,7
"8",2021-12-16,"MMSD-P11",1,8
"9",2021-12-16,"MMSD-P2",1,9
"10",2021-01-28,"MMSD-P11",1,10
"11",2021-12-06,"MMSD-P18",1,11
"12",2021-12-16,"MMSD-P7",1,12
"13",2021-12-02,"MMSD-P8",1,13
"14",2021-06-07,"MMSD-P11",1,17
"15",2021-12-09,"MMSD-P8",1,20
"16",2022-01-20,"MMSD-P18",2,14
"17",2021-05-20,"MMSD-P2",2,15
"18",2021-01-18,"MMSD-P2",2,16
"19",2022-01-20,"MMSD-P7",2,18
"20",2021-09-13,"MMSD-P7",2,19
"21",2022-01-20,"MMSD-P11",2,21
"22",2021-11-29,"MMSD-P18",2,22
"23",2021-09-30,"MMSD-P11",2,23
"24",2021-05-27,"MMSD-P18",2,24
"25",2021-12-16,"MMSD-P8",2,25
"26",2021-11-04,"MMSD-P11",2,26
"27",2021-04-19,"MMSD-P8",2,27
"28",2021-12-02,"MMSD-P7",2,28
"29",2021-06-10,"MMSD-P2",2,29
"30",2021-04-26,"MMSD-P8",2,30
